Iranian Cypherpunks 2053 |#| iraniancp.lol:2053 |#| 5.5MB |#| 3.7MB
Iranian Cypherpunks 8880 |#| 104.16.209.12:8880 |#| 3.5MB |#| 3.5MB
Iranian Cypherpunks 2053 |#| iraniancp.lol:2053 |#| 1.6MB |#| 1.6MB
Iranian Cypherpunks 8880 |#| 104.16.209.12:8880 |#| 4.0MB |#| 3.7MB
Iranian Cypherpunks 2053 |#| iraniancp.lol:2053 |#| 2.8MB |#| 2.2MB
Iranian Cypherpunks 8880 |#| 104.16.209.12:8880 |#| 4.0MB |#| 3.5MB
Iranian Cypherpunks 2053 |#| iraniancp.lol:2053 |#| 2.8MB |#| 2.2MB
Iranian Cypherpunks 8880 |#| 104.16.209.12:8880 |#| 4.0MB |#| 3.2MB
Iranian Cypherpunks 2053 |#| iraniancp.lol:2053 |#| 2.8MB |#| 2.3MB
Iranian Cypherpunks 8880 |#| 104.16.209.12:8880 |#| 4.0MB |#| 3.2MB
Iranian Cypherpunks 2053 |#| iraniancp.lol:2053 |#| 3.2MB |#| 2.5MB
Iranian Cypherpunks 8880 |#| 104.16.209.12:8880 |#| 4.0MB |#| 3.1MB
Iranian Cypherpunks 8880 |#| 104.16.209.12:8880 |#| 4.0MB |#| 3.1MB
Iranian Cypherpunks 2053 |#| iraniancp.lol:2053 |#| 3.2MB |#| 2.6MB
Iranian Cypherpunks 2053 |#| iraniancp.lol:2053 |#| 3.2MB |#| 2.6MB
